Date,Tier 1 Capital Ratio (%),Series_ID,Source,Source_URL
2009-10-01,11.302,BOGZ1FL010000016Q,Federal Reserve Z.1 Financial Accounts,https://fred.stlouisfed.org/series/BOGZ1FL010000016Q
2010-01-01,11.666,BOGZ1FL010000016Q,Federal Reserve Z.1 Financial Accounts,https://fred.stlouisfed.org/series/BOGZ1FL010000016Q
2010-04-01,12.016,BOGZ1FL010000016Q,Federal Reserve Z.1 Financial Accounts,https://fred.stlouisfed.org/series/BOGZ1FL010000016Q
2010-07-01,12.228,BOGZ1FL010000016Q,Federal Reserve Z.1 Financial Accounts,https://fred.stlouisfed.org/series/BOGZ1FL010000016Q
2010-10-01,12.230,BOGZ1FL010000016Q,Federal Reserve Z.1 Financial Accounts,https://fred.stlouisfed.org/series/BOGZ1FL010000016Q
2011-01-01,12.576,BOGZ1FL010000016Q,Federal Reserve Z.1 Financial Accounts,https://fred.stlouisfed.org/series/BOGZ1FL010000016Q
2011-04-01,12.620,BOGZ1FL010000016Q,Federal Reserve Z.1 Financial Accounts,https://fred.stlouisfed.org/series/BOGZ1FL010000016Q
2011-07-01,12.662,BOGZ1FL010000016Q,Federal Reserve Z.1 Financial Accounts,https://fred.stlouisfed.org/series/BOGZ1FL010000016Q
2011-10-01,12.509,BOGZ1FL010000016Q,Federal Reserve Z.1 Financial Accounts,https://fred.stlouisfed.org/series/BOGZ1FL010000016Q
2012-01-01,13.006,BOGZ1FL010000016Q,Federal Reserve Z.1 Financial Accounts,https://fred.stlouisfed.org/series/BOGZ1FL010000016Q
2012-04-01,12.992,BOGZ1FL010000016Q,Federal Reserve Z.1 Financial Accounts,https://fred.stlouisfed.org/series/BOGZ1FL010000016Q
2012-07-01,13.127,BOGZ1FL010000016Q,Federal Reserve Z.1 Financial Accounts,https://fred.stlouisfed.org/series/BOGZ1FL010000016Q
2012-10-01,12.958,BOGZ1FL010000016Q,Federal Reserve Z.1 Financial Accounts,https://fred.stlouisfed.org/series/BOGZ1FL010000016Q
2013-01-01,12.886,BOGZ1FL010000016Q,Federal Reserve Z.1 Financial Accounts,https://fred.stlouisfed.org/series/BOGZ1FL010000016Q
2013-04-01,12.858,BOGZ1FL010000016Q,Federal Reserve Z.1 Financial Accounts,https://fred.stlouisfed.org/series/BOGZ1FL010000016Q
2013-07-01,12.981,BOGZ1FL010000016Q,Federal Reserve Z.1 Financial Accounts,https://fred.stlouisfed.org/series/BOGZ1FL010000016Q
2013-10-01,13.007,BOGZ1FL010000016Q,Federal Reserve Z.1 Financial Accounts,https://fred.stlouisfed.org/series/BOGZ1FL010000016Q
2014-01-01,13.191,BOGZ1FL010000016Q,Federal Reserve Z.1 Financial Accounts,https://fred.stlouisfed.org/series/BOGZ1FL010000016Q
2014-04-01,12.859,BOGZ1FL010000016Q,Federal Reserve Z.1 Financial Accounts,https://fred.stlouisfed.org/series/BOGZ1FL010000016Q
2014-07-01,12.896,BOGZ1FL010000016Q,Federal Reserve Z.1 Financial Accounts,https://fred.stlouisfed.org/series/BOGZ1FL010000016Q
2014-10-01,12.849,BOGZ1FL010000016Q,Federal Reserve Z.1 Financial Accounts,https://fred.stlouisfed.org/series/BOGZ1FL010000016Q
2015-01-01,12.588,BOGZ1FL010000016Q,Federal Reserve Z.1 Financial Accounts,https://fred.stlouisfed.org/series/BOGZ1FL010000016Q
2015-04-01,12.621,BOGZ1FL010000016Q,Federal Reserve Z.1 Financial Accounts,https://fred.stlouisfed.org/series/BOGZ1FL010000016Q
2015-07-01,12.655,BOGZ1FL010000016Q,Federal Reserve Z.1 Financial Accounts,https://fred.stlouisfed.org/series/BOGZ1FL010000016Q
2015-10-01,12.611,BOGZ1FL010000016Q,Federal Reserve Z.1 Financial Accounts,https://fred.stlouisfed.org/series/BOGZ1FL010000016Q
2016-01-01,12.737,BOGZ1FL010000016Q,Federal Reserve Z.1 Financial Accounts,https://fred.stlouisfed.org/series/BOGZ1FL010000016Q
2016-04-01,12.769,BOGZ1FL010000016Q,Federal Reserve Z.1 Financial Accounts,https://fred.stlouisfed.org/series/BOGZ1FL010000016Q
2016-07-01,12.843,BOGZ1FL010000016Q,Federal Reserve Z.1 Financial Accounts,https://fred.stlouisfed.org/series/BOGZ1FL010000016Q
2016-10-01,12.817,BOGZ1FL010000016Q,Federal Reserve Z.1 Financial Accounts,https://fred.stlouisfed.org/series/BOGZ1FL010000016Q
2017-01-01,12.985,BOGZ1FL010000016Q,Federal Reserve Z.1 Financial Accounts,https://fred.stlouisfed.org/series/BOGZ1FL010000016Q
2017-04-01,13.084,BOGZ1FL010000016Q,Federal Reserve Z.1 Financial Accounts,https://fred.stlouisfed.org/series/BOGZ1FL010000016Q
2017-07-01,13.117,BOGZ1FL010000016Q,Federal Reserve Z.1 Financial Accounts,https://fred.stlouisfed.org/series/BOGZ1FL010000016Q
2017-10-01,13.056,BOGZ1FL010000016Q,Federal Reserve Z.1 Financial Accounts,https://fred.stlouisfed.org/series/BOGZ1FL010000016Q
2018-01-01,13.010,BOGZ1FL010000016Q,Federal Reserve Z.1 Financial Accounts,https://fred.stlouisfed.org/series/BOGZ1FL010000016Q
2018-04-01,13.001,BOGZ1FL010000016Q,Federal Reserve Z.1 Financial Accounts,https://fred.stlouisfed.org/series/BOGZ1FL010000016Q
2018-07-01,13.032,BOGZ1FL010000016Q,Federal Reserve Z.1 Financial Accounts,https://fred.stlouisfed.org/series/BOGZ1FL010000016Q
2018-10-01,13.037,BOGZ1FL010000016Q,Federal Reserve Z.1 Financial Accounts,https://fred.stlouisfed.org/series/BOGZ1FL010000016Q
2019-01-01,13.156,BOGZ1FL010000016Q,Federal Reserve Z.1 Financial Accounts,https://fred.stlouisfed.org/series/BOGZ1FL010000016Q
2019-04-01,13.262,BOGZ1FL010000016Q,Federal Reserve Z.1 Financial Accounts,https://fred.stlouisfed.org/series/BOGZ1FL010000016Q
2019-07-01,13.155,BOGZ1FL010000016Q,Federal Reserve Z.1 Financial Accounts,https://fred.stlouisfed.org/series/BOGZ1FL010000016Q
2019-10-01,13.096,BOGZ1FL010000016Q,Federal Reserve Z.1 Financial Accounts,https://fred.stlouisfed.org/series/BOGZ1FL010000016Q
2020-01-01,12.664,BOGZ1FL010000016Q,Federal Reserve Z.1 Financial Accounts,https://fred.stlouisfed.org/series/BOGZ1FL010000016Q
2020-04-01,13.292,BOGZ1FL010000016Q,Federal Reserve Z.1 Financial Accounts,https://fred.stlouisfed.org/series/BOGZ1FL010000016Q
2020-07-01,13.644,BOGZ1FL010000016Q,Federal Reserve Z.1 Financial Accounts,https://fred.stlouisfed.org/series/BOGZ1FL010000016Q
2020-10-01,13.716,BOGZ1FL010000016Q,Federal Reserve Z.1 Financial Accounts,https://fred.stlouisfed.org/series/BOGZ1FL010000016Q
2021-01-01,13.996,BOGZ1FL010000016Q,Federal Reserve Z.1 Financial Accounts,https://fred.stlouisfed.org/series/BOGZ1FL010000016Q
2021-04-01,14.036,BOGZ1FL010000016Q,Federal Reserve Z.1 Financial Accounts,https://fred.stlouisfed.org/series/BOGZ1FL010000016Q
2021-07-01,14.016,BOGZ1FL010000016Q,Federal Reserve Z.1 Financial Accounts,https://fred.stlouisfed.org/series/BOGZ1FL010000016Q
2021-10-01,13.912,BOGZ1FL010000016Q,Federal Reserve Z.1 Financial Accounts,https://fred.stlouisfed.org/series/BOGZ1FL010000016Q
2022-01-01,13.574,BOGZ1FL010000016Q,Federal Reserve Z.1 Financial Accounts,https://fred.stlouisfed.org/series/BOGZ1FL010000016Q
2022-04-01,13.436,BOGZ1FL010000016Q,Federal Reserve Z.1 Financial Accounts,https://fred.stlouisfed.org/series/BOGZ1FL010000016Q
2022-07-01,13.433,BOGZ1FL010000016Q,Federal Reserve Z.1 Financial Accounts,https://fred.stlouisfed.org/series/BOGZ1FL010000016Q
2022-10-01,13.484,BOGZ1FL010000016Q,Federal Reserve Z.1 Financial Accounts,https://fred.stlouisfed.org/series/BOGZ1FL010000016Q
2023-01-01,13.626,BOGZ1FL010000016Q,Federal Reserve Z.1 Financial Accounts,https://fred.stlouisfed.org/series/BOGZ1FL010000016Q
2023-04-01,13.710,BOGZ1FL010000016Q,Federal Reserve Z.1 Financial Accounts,https://fred.stlouisfed.org/series/BOGZ1FL010000016Q
2023-07-01,13.875,BOGZ1FL010000016Q,Federal Reserve Z.1 Financial Accounts,https://fred.stlouisfed.org/series/BOGZ1FL010000016Q
2023-10-01,13.771,BOGZ1FL010000016Q,Federal Reserve Z.1 Financial Accounts,https://fred.stlouisfed.org/series/BOGZ1FL010000016Q
2024-01-01,13.890,BOGZ1FL010000016Q,Federal Reserve Z.1 Financial Accounts,https://fred.stlouisfed.org/series/BOGZ1FL010000016Q
2024-04-01,14.087,BOGZ1FL010000016Q,Federal Reserve Z.1 Financial Accounts,https://fred.stlouisfed.org/series/BOGZ1FL010000016Q
2024-07-01,14.155,BOGZ1FL010000016Q,Federal Reserve Z.1 Financial Accounts,https://fred.stlouisfed.org/series/BOGZ1FL010000016Q
2024-10-01,14.115,BOGZ1FL010000016Q,Federal Reserve Z.1 Financial Accounts,https://fred.stlouisfed.org/series/BOGZ1FL010000016Q
2025-01-01,14.167,BOGZ1FL010000016Q,Federal Reserve Z.1 Financial Accounts,https://fred.stlouisfed.org/series/BOGZ1FL010000016Q
2025-04-01,14.064,BOGZ1FL010000016Q,Federal Reserve Z.1 Financial Accounts,https://fred.stlouisfed.org/series/BOGZ1FL010000016Q
2025-07-01,14.079,BOGZ1FL010000016Q,Federal Reserve Z.1 Financial Accounts,https://fred.stlouisfed.org/series/BOGZ1FL010000016Q
2025-10-01,13.902,BOGZ1FL010000016Q,Federal Reserve Z.1 Financial Accounts,https://fred.stlouisfed.org/series/BOGZ1FL010000016Q
